Total Population,Median Household Income,African American Pop.,Hispanic Population,Food Stamps,Pop Below Poverty Line,No Car Available,state,county,tract
3343.0,73409.0,829.0,494.0,1092.0,81.0,5.0,27,053,000101
4896.0,59750.0,1660.0,294.0,1759.0,39.0,157.0,27,053,000102
3199.0,83333.0,504.0,117.0,1306.0,242.0,29.0,27,053,000300
4636.0,75727.0,787.0,362.0,2000.0,102.0,101.0,27,053,000601
3233.0,93462.0,181.0,295.0,1402.0,0.0,19.0,27,053,000603
2096.0,73583.0,350.0,155.0,897.0,68.0,62.0,27,053,001100
2298.0,63158.0,630.0,95.0,964.0,144.0,121.0,27,053,001700
1476.0,43917.0,594.0,45.0,351.0,302.0,31.0,27,053,002200
2393.0,70870.0,377.0,197.0,1316.0,79.0,57.0,27,053,002400
2924.0,56875.0,1389.0,728.0,907.0,517.0,83.0,27,053,002700
2125.0,66184.0,1225.0,194.0,706.0,225.0,98.0,27,053,003200
3070.0,41563.0,2238.0,251.0,760.0,418.0,75.0,27,053,003300
2703.0,39450.0,121.0,427.0,1375.0,0.0,621.0,27,053,003801
3525.0,40699.0,147.0,288.0,831.0,0.0,471.0,27,053,003802
2945.0,26164.0,1007.0,106.0,1554.0,133.0,211.0,27,053,005901
3697.0,38165.0,1706.0,832.0,1134.0,429.0,208.0,27,053,005902
3950.0,44665.0,1152.0,480.0,2157.0,304.0,480.0,27,053,006800
5289.0,73658.0,1240.0,550.0,3015.0,0.0,294.0,27,053,007700
1809.0,48462.0,637.0,552.0,638.0,94.0,88.0,27,053,007801
3676.0,69110.0,407.0,297.0,1789.0,6.0,266.0,27,053,008100
3690.0,39063.0,859.0,973.0,1965.0,45.0,268.0,27,053,008200
2002.0,51014.0,614.0,827.0,564.0,271.0,23.0,27,053,008300
2442.0,75982.0,955.0,456.0,726.0,54.0,122.0,27,053,008400
4035.0,54119.0,343.0,1240.0,1707.0,74.0,190.0,27,053,008500
3040.0,79412.0,438.0,795.0,1034.0,0.0,35.0,27,053,009500
3318.0,68750.0,526.0,655.0,1330.0,289.0,91.0,27,053,009600
3455.0,135167.0,111.0,87.0,1252.0,0.0,5.0,27,053,010600
2539.0,141563.0,210.0,93.0,941.0,24.0,4.0,27,053,010700
3712.0,99000.0,741.0,372.0,1538.0,8.0,34.0,27,053,011000
4058.0,143056.0,72.0,124.0,1624.0,14.0,36.0,27,053,011703
3307.0,148313.0,224.0,149.0,1271.0,0.0,8.0,27,053,011704
4658.0,111029.0,188.0,281.0,1952.0,0.0,0.0,27,053,011800
3921.0,85341.0,252.0,151.0,1900.0,0.0,22.0,27,053,011998
5975.0,123881.0,299.0,257.0,2503.0,0.0,0.0,27,053,012001
6104.0,88088.0,1524.0,398.0,2242.0,408.0,141.0,27,053,012003
2791.0,65859.0,617.0,265.0,1151.0,296.0,82.0,27,053,012101
3237.0,83950.0,281.0,181.0,1450.0,37.0,26.0,27,053,012102
3159.0,132250.0,149.0,48.0,1202.0,7.0,30.0,27,053,020101
2394.0,83583.0,29.0,22.0,1074.0,0.0,0.0,27,053,020102
2517.0,34871.0,1138.0,23.0,815.0,312.0,41.0,27,053,020201
5662.0,62985.0,2799.0,925.0,1931.0,452.0,70.0,27,053,020202
2800.0,79732.0,1030.0,92.0,821.0,51.0,62.0,27,053,020301
2708.0,52139.0,1473.0,9.0,977.0,101.0,166.0,27,053,020302
4203.0,84596.0,855.0,462.0,1279.0,72.0,0.0,27,053,020303
4157.0,62694.0,774.0,801.0,1177.0,333.0,114.0,27,053,020304
5594.0,57898.0,1794.0,927.0,2108.0,222.0,58.0,27,053,020400
3591.0,73771.0,992.0,813.0,1196.0,66.0,20.0,27,053,020500
2066.0,70577.0,719.0,268.0,744.0,0.0,0.0,27,053,020600
4397.0,69750.0,661.0,293.0,1737.0,24.0,8.0,27,053,020700
2019.0,63462.0,319.0,72.0,924.0,111.0,11.0,27,053,020801
3018.0,83103.0,618.0,112.0,1261.0,44.0,67.0,27,053,020804
2506.0,103438.0,241.0,408.0,913.0,6.0,15.0,27,053,020902
2826.0,97591.0,103.0,152.0,1127.0,44.0,0.0,27,053,020903
6340.0,72652.0,1757.0,214.0,2506.0,0.0,0.0,27,053,021001
1864.0,84511.0,451.0,68.0,771.0,19.0,23.0,27,053,021002
1823.0,67500.0,238.0,114.0,856.0,67.0,56.0,27,053,021100
4560.0,93889.0,641.0,592.0,1886.0,0.0,28.0,27,053,021200
4972.0,54792.0,1107.0,252.0,2394.0,14.0,141.0,27,053,021300
3167.0,75375.0,1026.0,89.0,1231.0,206.0,20.0,27,053,021400
4677.0,69583.0,1689.0,242.0,2013.0,0.0,68.0,27,053,021501
4045.0,44973.0,1809.0,301.0,1498.0,288.0,114.0,27,053,021502
4254.0,57042.0,797.0,302.0,1941.0,130.0,95.0,27,053,021503
3925.0,64978.0,393.0,211.0,1550.0,83.0,7.0,27,053,021504
4955.0,86650.0,1255.0,244.0,2048.0,63.0,78.0,27,053,021505
4766.0,87566.0,659.0,117.0,2086.0,98.0,45.0,27,053,021601
6003.0,80975.0,192.0,283.0,2838.0,0.0,34.0,27,053,021602
5252.0,142560.0,169.0,183.0,2127.0,88.0,30.0,27,053,021700
2333.0,130000.0,205.0,108.0,1014.0,0.0,16.0,27,053,021800
3893.0,105469.0,197.0,82.0,1779.0,0.0,98.0,27,053,021900
2250.0,85714.0,85.0,118.0,1308.0,33.0,26.0,27,053,022000
2803.0,95086.0,277.0,249.0,1364.0,42.0,76.0,27,053,022101
2864.0,63246.0,443.0,75.0,1485.0,0.0,49.0,27,053,022102
4765.0,105402.0,20.0,120.0,2201.0,0.0,0.0,27,053,022200
2045.0,98464.0,122.0,0.0,995.0,0.0,0.0,27,053,022301
3410.0,54929.0,505.0,379.0,1534.0,109.0,158.0,27,053,022302
3803.0,94583.0,375.0,67.0,1661.0,162.0,66.0,27,053,022400
4056.0,81359.0,575.0,240.0,1887.0,51.0,64.0,27,053,022700
2481.0,133958.0,123.0,97.0,947.0,26.0,6.0,27,053,022801
3469.0,70441.0,258.0,260.0,1992.0,9.0,181.0,27,053,022802
5044.0,73607.0,117.0,329.0,2889.0,0.0,65.0,27,053,022901
1909.0,152917.0,43.0,88.0,755.0,4.0,0.0,27,053,022902
4684.0,98277.0,543.0,161.0,2486.0,89.0,169.0,27,053,023000
2072.0,166429.0,23.0,15.0,722.0,33.0,0.0,27,053,023100
2208.0,57016.0,510.0,150.0,1018.0,0.0,11.0,27,053,023201
4314.0,54661.0,1366.0,516.0,1991.0,349.0,64.0,27,053,023202
5820.0,66642.0,612.0,569.0,3167.0,19.0,179.0,27,053,023300
4790.0,57767.0,1478.0,433.0,2385.0,50.0,159.0,27,053,023401
1729.0,71671.0,790.0,0.0,659.0,294.0,62.0,27,053,023402
3646.0,72574.0,73.0,52.0,1765.0,22.0,0.0,27,053,023501
6317.0,114028.0,167.0,89.0,2624.0,0.0,31.0,27,053,023502
4078.0,250001.0,0.0,69.0,1497.0,31.0,0.0,27,053,023600
5433.0,188000.0,55.0,202.0,2072.0,0.0,10.0,27,053,023700
5608.0,166313.0,80.0,100.0,1951.0,0.0,17.0,27,053,023801
2745.0,153542.0,211.0,20.0,1024.0,18.0,0.0,27,053,023802
4347.0,154300.0,0.0,42.0,1428.0,44.0,20.0,27,053,023901
1881.0,231484.0,53.0,94.0,593.0,11.0,0.0,27,053,023902
3179.0,123958.0,132.0,86.0,1455.0,28.0,0.0,27,053,023903
4695.0,91167.0,226.0,587.0,2058.0,229.0,38.0,27,053,024003
4190.0,52316.0,405.0,74.0,2819.0,127.0,15.0,27,053,024004
2663.0,57480.0,163.0,89.0,1723.0,0.0,55.0,27,053,024005
2205.0,143125.0,81.0,118.0,936.0,0.0,0.0,27,053,024006
3576.0,85013.0,720.0,241.0,1523.0,8.0,85.0,27,053,024100
3080.0,112337.0,346.0,46.0,1275.0,0.0,15.0,27,053,024200
4744.0,72240.0,257.0,648.0,2453.0,0.0,313.0,27,053,024300
4391.0,57112.0,585.0,898.0,2329.0,121.0,154.0,27,053,024400
2434.0,90903.0,133.0,229.0,883.0,4.0,0.0,27,053,024500
3984.0,75379.0,937.0,350.0,1825.0,4.0,90.0,27,053,024600
3422.0,83438.0,401.0,917.0,1227.0,0.0,0.0,27,053,024700
2631.0,71198.0,463.0,773.0,1017.0,0.0,57.0,27,053,024801
2639.0,51595.0,403.0,885.0,1016.0,98.0,110.0,27,053,024802
2362.0,72031.0,417.0,1112.0,798.0,145.0,64.0,27,053,024903
3636.0,70769.0,457.0,1077.0,1302.0,80.0,15.0,27,053,024904
3275.0,62750.0,517.0,596.0,1537.0,140.0,190.0,27,053,025100
5670.0,64861.0,1531.0,2172.0,1677.0,206.0,191.0,27,053,025201
5187.0,82315.0,1147.0,824.0,1834.0,83.0,16.0,27,053,025205
2664.0,76447.0,60.0,174.0,1234.0,42.0,30.0,27,053,025301
4930.0,46556.0,900.0,191.0,2103.0,436.0,146.0,27,053,025302
4428.0,68711.0,688.0,1159.0,1569.0,259.0,28.0,27,053,025401
3970.0,55039.0,936.0,200.0,1607.0,260.0,65.0,27,053,025403
2373.0,90221.0,51.0,288.0,1207.0,0.0,21.0,27,053,025601
3683.0,98170.0,312.0,212.0,1501.0,39.0,21.0,27,053,025603
3811.0,73561.0,550.0,250.0,1790.0,6.0,9.0,27,053,025605
5552.0,99107.0,742.0,39.0,2238.0,0.0,46.0,27,053,025702
2353.0,94375.0,591.0,0.0,983.0,0.0,0.0,27,053,025703
4574.0,88958.0,410.0,374.0,1964.0,0.0,44.0,27,053,025704
3397.0,79836.0,413.0,79.0,1551.0,16.0,104.0,27,053,025801
2490.0,110800.0,68.0,132.0,930.0,0.0,0.0,27,053,025802
3205.0,84583.0,326.0,157.0,1378.0,43.0,15.0,27,053,025803
2720.0,105556.0,113.0,0.0,996.0,45.0,9.0,27,053,025805
3800.0,108950.0,175.0,152.0,1569.0,0.0,115.0,27,053,025905
6124.0,78525.0,941.0,372.0,2727.0,0.0,96.0,27,053,025906
4539.0,79005.0,541.0,185.0,2177.0,0.0,28.0,27,053,025907
3651.0,106280.0,29.0,140.0,1801.0,0.0,0.0,27,053,025908
3043.0,97361.0,427.0,132.0,1314.0,157.0,0.0,27,053,025909
4001.0,103628.0,531.0,253.0,1537.0,40.0,14.0,27,053,026005
3380.0,94188.0,578.0,32.0,1385.0,36.0,0.0,27,053,026006
4683.0,90519.0,631.0,176.0,2065.0,93.0,101.0,27,053,026007
5420.0,142438.0,100.0,154.0,1749.0,27.0,26.0,27,053,026013
5223.0,121944.0,481.0,29.0,1958.0,25.0,0.0,27,053,026014
4801.0,112196.0,536.0,192.0,1873.0,180.0,0.0,27,053,026015
5038.0,81702.0,522.0,858.0,2193.0,311.0,125.0,27,053,026019
4726.0,89342.0,1014.0,47.0,2222.0,404.0,12.0,27,053,026020
3801.0,151563.0,113.0,110.0,1496.0,0.0,0.0,27,053,026021
3816.0,120233.0,20.0,284.0,1597.0,22.0,99.0,27,053,026023
3384.0,106776.0,146.0,129.0,1548.0,0.0,0.0,27,053,026024
2685.0,202426.0,0.0,257.0,803.0,0.0,0.0,27,053,026025
5646.0,226974.0,11.0,204.0,1768.0,0.0,88.0,27,053,026026
4064.0,157734.0,0.0,41.0,1725.0,0.0,0.0,27,053,026027
3380.0,186451.0,52.0,72.0,1107.0,0.0,0.0,27,053,026028
3540.0,110217.0,266.0,38.0,1308.0,160.0,0.0,27,053,026101
3425.0,127806.0,400.0,108.0,1266.0,0.0,71.0,27,053,026103
4251.0,78705.0,971.0,31.0,2297.0,0.0,32.0,27,053,026104
3876.0,135259.0,116.0,122.0,1346.0,19.0,0.0,27,053,026201
2909.0,111629.0,128.0,23.0,1203.0,17.0,39.0,27,053,026202
2833.0,134000.0,32.0,68.0,1164.0,8.0,0.0,27,053,026205
3057.0,96442.0,38.0,134.0,1351.0,38.0,0.0,27,053,026206
3678.0,96964.0,497.0,63.0,1632.0,48.0,25.0,27,053,026207
3081.0,118958.0,108.0,92.0,1237.0,39.0,12.0,27,053,026208
3897.0,146875.0,59.0,118.0,1797.0,0.0,51.0,27,053,026301
3464.0,116912.0,0.0,189.0,1306.0,18.0,0.0,27,053,026302
3491.0,87583.0,247.0,77.0,1737.0,45.0,73.0,27,053,026403
6303.0,147623.0,139.0,115.0,2636.0,14.0,39.0,27,053,026404
2340.0,102337.0,45.0,39.0,943.0,0.0,0.0,27,053,026405
3664.0,72078.0,376.0,62.0,2085.0,0.0,34.0,27,053,026406
3752.0,114620.0,204.0,198.0,1531.0,69.0,75.0,27,053,026505
4657.0,99514.0,327.0,260.0,2070.0,108.0,71.0,27,053,026507
4652.0,118906.0,214.0,0.0,2030.0,0.0,0.0,27,053,026508
4951.0,149696.0,137.0,212.0,1831.0,15.0,8.0,27,053,026509
3746.0,79293.0,482.0,199.0,1673.0,36.0,29.0,27,053,026510
3817.0,74778.0,908.0,668.0,1605.0,396.0,57.0,27,053,026511
5073.0,83799.0,626.0,107.0,2252.0,88.0,25.0,27,053,026514
1938.0,77143.0,351.0,0.0,820.0,0.0,28.0,27,053,026515
3630.0,85240.0,230.0,267.0,1691.0,3.0,5.0,27,053,026516
4109.0,138451.0,77.0,43.0,1503.0,60.0,0.0,27,053,026605
5032.0,133800.0,103.0,285.0,1938.0,19.0,33.0,27,053,026606
2944.0,118603.0,17.0,152.0,1180.0,0.0,0.0,27,053,026609
4762.0,127917.0,220.0,220.0,1719.0,33.0,0.0,27,053,026610
5044.0,79961.0,551.0,262.0,2362.0,0.0,40.0,27,053,026611
3493.0,152865.0,61.0,126.0,1311.0,0.0,0.0,27,053,026614
7007.0,152183.0,218.0,197.0,2737.0,0.0,0.0,27,053,026615
10015.0,194728.0,1022.0,434.0,3259.0,0.0,25.0,27,053,026616
1823.0,108506.0,147.0,105.0,799.0,0.0,0.0,27,053,026617
2643.0,63317.0,191.0,92.0,1181.0,0.0,18.0,27,053,026702
3325.0,108594.0,244.0,229.0,1325.0,0.0,10.0,27,053,026706
4891.0,103278.0,355.0,135.0,1872.0,30.0,0.0,27,053,026707
5802.0,107401.0,367.0,156.0,2233.0,202.0,36.0,27,053,026708
3842.0,92157.0,294.0,57.0,1542.0,6.0,0.0,27,053,026711
3443.0,89324.0,726.0,168.0,1344.0,57.0,0.0,27,053,026712
4211.0,95262.0,136.0,182.0,1865.0,8.0,0.0,27,053,026713
6030.0,112234.0,871.0,49.0,2329.0,240.0,0.0,27,053,026717
3770.0,117500.0,41.0,146.0,1476.0,0.0,24.0,27,053,026718
6227.0,159215.0,428.0,15.0,2030.0,272.0,0.0,27,053,026719
5106.0,144133.0,485.0,62.0,1788.0,0.0,0.0,27,053,026720
2832.0,111397.0,148.0,52.0,1187.0,0.0,0.0,27,053,026721
5049.0,171179.0,74.0,36.0,1779.0,0.0,0.0,27,053,026722
4635.0,192202.0,418.0,79.0,1586.0,0.0,0.0,27,053,026723
3710.0,112255.0,330.0,398.0,1947.0,179.0,0.0,27,053,026724
2972.0,111893.0,93.0,94.0,1224.0,0.0,34.0,27,053,026725
4055.0,123207.0,424.0,60.0,1633.0,97.0,0.0,27,053,026726
5763.0,56464.0,1770.0,318.0,2289.0,235.0,49.0,27,053,026807
5413.0,56318.0,3012.0,1030.0,1892.0,255.0,524.0,27,053,026809
5561.0,82938.0,2345.0,9.0,1740.0,361.0,41.0,27,053,026811
8301.0,98522.0,1422.0,229.0,2888.0,96.0,92.0,27,053,026812
6786.0,98785.0,2171.0,205.0,2269.0,0.0,103.0,27,053,026814
6159.0,84870.0,1958.0,490.0,1845.0,50.0,60.0,27,053,026815
6643.0,74651.0,2224.0,569.0,2237.0,40.0,34.0,27,053,026816
7076.0,68750.0,2761.0,490.0,2202.0,630.0,98.0,27,053,026818
5222.0,41542.0,3321.0,567.0,2109.0,459.0,509.0,27,053,026819
4666.0,92775.0,694.0,87.0,1817.0,0.0,0.0,27,053,026822
4739.0,133906.0,870.0,164.0,1636.0,61.0,0.0,27,053,026823
4551.0,127819.0,737.0,148.0,1625.0,0.0,39.0,27,053,026824
3266.0,102383.0,580.0,232.0,871.0,0.0,0.0,27,053,026825
3888.0,138931.0,521.0,295.0,1249.0,0.0,69.0,27,053,026826
2899.0,32907.0,1970.0,97.0,1111.0,491.0,0.0,27,053,026827
4314.0,56094.0,2467.0,43.0,1734.0,202.0,94.0,27,053,026828
5055.0,110786.0,220.0,121.0,1818.0,60.0,9.0,27,053,026903
7054.0,93785.0,220.0,15.0,2652.0,0.0,0.0,27,053,026906
5629.0,105074.0,757.0,171.0,2091.0,78.0,0.0,27,053,026907
6139.0,110246.0,1295.0,59.0,2164.0,134.0,126.0,27,053,026908
7257.0,119741.0,309.0,666.0,2552.0,93.0,72.0,27,053,026910
4457.0,121168.0,174.0,121.0,1483.0,0.0,49.0,27,053,026911
9412.0,149136.0,1.0,49.0,3041.0,41.0,0.0,27,053,026912
3437.0,121673.0,160.0,21.0,1205.0,51.0,3.0,27,053,027001
5385.0,114688.0,221.0,151.0,1839.0,38.0,23.0,27,053,027002
7381.0,179338.0,285.0,13.0,2545.0,38.0,46.0,27,053,027101
6317.0,145897.0,200.0,73.0,2286.0,96.0,59.0,27,053,027102
1738.0,75972.0,89.0,59.0,689.0,0.0,4.0,27,053,027202
3718.0,71139.0,172.0,12.0,1989.0,85.0,13.0,27,053,027203
3457.0,170326.0,0.0,0.0,1274.0,0.0,0.0,27,053,027204
3495.0,169565.0,1.0,0.0,1192.0,53.0,0.0,27,053,027205
4367.0,94097.0,179.0,120.0,2183.0,43.0,29.0,27,053,027300
4415.0,155489.0,4.0,60.0,1699.0,2.0,0.0,27,053,027400
4536.0,107326.0,101.0,182.0,2014.0,95.0,54.0,27,053,027501
4160.0,150547.0,1.0,193.0,1592.0,83.0,9.0,27,053,027503
3619.0,149211.0,55.0,96.0,1308.0,9.0,15.0,27,053,027504
4153.0,83088.0,173.0,121.0,1932.0,55.0,98.0,27,053,027601
5212.0,76694.0,0.0,276.0,2503.0,20.0,79.0,27,053,027602
3932.0,195645.0,0.0,23.0,1290.0,315.0,0.0,27,053,027701
1969.0,97750.0,67.0,15.0,803.0,9.0,13.0,27,053,027702
4283.0,147064.0,48.0,42.0,1463.0,0.0,0.0,27,053,027703
4338.0,54709.0,1368.0,846.0,1827.0,5.0,0.0,27,053,100200
3510.0,44094.0,1550.0,626.0,1161.0,502.0,109.0,27,053,100400
1985.0,60000.0,404.0,133.0,1020.0,71.0,16.0,27,053,100500
3430.0,54250.0,1599.0,493.0,1264.0,111.0,26.0,27,053,100700
4480.0,69848.0,1895.0,402.0,1438.0,136.0,200.0,27,053,100800
5377.0,52839.0,2313.0,407.0,1559.0,327.0,230.0,27,053,100900
5069.0,115211.0,258.0,469.0,2226.0,30.0,59.0,27,053,101200
2090.0,50962.0,1108.0,403.0,788.0,201.0,45.0,27,053,101300
2879.0,35567.0,1680.0,373.0,908.0,317.0,191.0,27,053,101600
4181.0,56793.0,670.0,1058.0,1770.0,205.0,140.0,27,053,101800
2512.0,51477.0,352.0,19.0,1476.0,0.0,44.0,27,053,101900
2389.0,60750.0,957.0,173.0,931.0,5.0,89.0,27,053,102000
2650.0,48008.0,1691.0,291.0,697.0,566.0,115.0,27,053,102100
3125.0,52770.0,716.0,307.0,1486.0,196.0,201.0,27,053,102500
2220.0,75750.0,400.0,221.0,829.0,44.0,96.0,27,053,102600
2986.0,42042.0,1519.0,282.0,1015.0,414.0,143.0,27,053,102800
1882.0,70982.0,206.0,188.0,860.0,5.0,52.0,27,053,103000
2299.0,67143.0,508.0,232.0,1050.0,18.0,34.0,27,053,103100
3030.0,40040.0,2631.0,0.0,1418.0,498.0,166.0,27,053,103400
2718.0,100729.0,78.0,135.0,1587.0,0.0,73.0,27,053,103600
4144.0,48906.0,447.0,229.0,2405.0,0.0,227.0,27,053,103700
4119.0,23364.0,517.0,140.0,1323.0,0.0,738.0,27,053,103900
2435.0,51976.0,80.0,35.0,811.0,0.0,61.0,27,053,104001
4352.0,65694.0,197.0,418.0,1420.0,35.0,76.0,27,053,104002
3585.0,53523.0,1780.0,284.0,1181.0,531.0,56.0,27,053,104100
2247.0,63707.0,543.0,122.0,1206.0,0.0,455.0,27,053,104400
5043.0,15760.0,4872.0,0.0,2169.0,1094.0,284.0,27,053,104801
4615.0,34375.0,631.0,185.0,1351.0,27.0,239.0,27,053,104802
6575.0,18182.0,164.0,309.0,528.0,0.0,275.0,27,053,104901
4551.0,31735.0,781.0,142.0,1849.0,123.0,636.0,27,053,104902
2780.0,111360.0,100.0,46.0,1343.0,56.0,0.0,27,053,105100
2985.0,74242.0,185.0,55.0,2102.0,40.0,234.0,27,053,105201
2702.0,47443.0,606.0,69.0,2003.0,0.0,578.0,27,053,105204
3737.0,50714.0,937.0,228.0,2066.0,99.0,372.0,27,053,105400
4179.0,92583.0,143.0,406.0,2435.0,0.0,135.0,27,053,105500
4298.0,39462.0,635.0,457.0,3129.0,0.0,858.0,27,053,105600
2783.0,40417.0,660.0,567.0,1846.0,0.0,579.0,27,053,105700
3375.0,23492.0,1864.0,656.0,1193.0,404.0,192.0,27,053,106000
3990.0,39716.0,2360.0,97.0,1905.0,324.0,281.0,27,053,106200
1978.0,68074.0,615.0,75.0,1077.0,96.0,71.0,27,053,106400
4762.0,122279.0,52.0,51.0,2265.0,14.0,39.0,27,053,106500
2496.0,93942.0,4.0,117.0,1303.0,0.0,121.0,27,053,106600
4833.0,56056.0,761.0,108.0,3026.0,0.0,892.0,27,053,106700
2740.0,38590.0,469.0,336.0,1375.0,148.0,410.0,27,053,106900
3618.0,57150.0,740.0,682.0,2012.0,363.0,241.0,27,053,107000
2036.0,60529.0,200.0,474.0,835.0,59.0,113.0,27,053,107400
1958.0,83036.0,53.0,129.0,829.0,60.0,15.0,27,053,107500
3693.0,96081.0,105.0,413.0,1582.0,7.0,27.0,27,053,107600
3310.0,90000.0,189.0,91.0,1878.0,0.0,134.0,27,053,108000
2947.0,57470.0,565.0,764.0,1016.0,298.0,136.0,27,053,108600
4094.0,74766.0,1088.0,441.0,1665.0,165.0,320.0,27,053,108700
3580.0,58581.0,1015.0,433.0,1609.0,88.0,103.0,27,053,108800
2358.0,81389.0,196.0,91.0,1142.0,33.0,20.0,27,053,108900
1810.0,129583.0,39.0,80.0,884.0,0.0,6.0,27,053,109000
4828.0,88321.0,64.0,391.0,2640.0,0.0,92.0,27,053,109100
3354.0,69688.0,404.0,329.0,2011.0,0.0,145.0,27,053,109200
4148.0,72543.0,578.0,305.0,1939.0,214.0,186.0,27,053,109300
2207.0,62228.0,541.0,812.0,597.0,214.0,39.0,27,053,109400
2497.0,90309.0,243.0,464.0,987.0,0.0,24.0,27,053,109700
4340.0,116985.0,32.0,118.0,1793.0,10.0,0.0,27,053,109800
3790.0,88942.0,344.0,346.0,1736.0,11.0,39.0,27,053,109900
1546.0,81406.0,541.0,355.0,535.0,62.0,0.0,27,053,110000
2894.0,92159.0,239.0,457.0,1363.0,55.0,17.0,27,053,110100
3385.0,82500.0,171.0,165.0,1564.0,10.0,30.0,27,053,110200
3600.0,70455.0,556.0,240.0,1694.0,150.0,110.0,27,053,110400
4969.0,80157.0,628.0,520.0,2456.0,84.0,66.0,27,053,110500
4352.0,97823.0,475.0,189.0,1909.0,1.0,27.0,27,053,110800
3418.0,92083.0,804.0,180.0,1462.0,182.0,86.0,27,053,110900
3708.0,98203.0,161.0,133.0,1585.0,0.0,124.0,27,053,111100
3432.0,149228.0,183.0,126.0,1435.0,10.0,11.0,27,053,111200
5212.0,157989.0,209.0,87.0,1941.0,0.0,21.0,27,053,111300
4424.0,178450.0,229.0,218.0,1623.0,38.0,19.0,27,053,111400
5466.0,127425.0,482.0,231.0,2141.0,0.0,85.0,27,053,111500
3380.0,127794.0,250.0,59.0,1340.0,0.0,32.0,27,053,111600
3622.0,94408.0,313.0,125.0,1591.0,167.0,25.0,27,053,122500
2334.0,103021.0,39.0,111.0,1040.0,11.0,30.0,27,053,122600
3997.0,69816.0,689.0,459.0,1547.0,82.0,77.0,27,053,125500
3893.0,61045.0,202.0,182.0,1699.0,0.0,341.0,27,053,125600
3662.0,52578.0,1440.0,763.0,1055.0,383.0,98.0,27,053,125700
5190.0,50577.0,2385.0,1097.0,1674.0,863.0,211.0,27,053,125800
5055.0,57021.0,1345.0,1992.0,1339.0,644.0,398.0,27,053,125900
5630.0,29795.0,3002.0,1109.0,2150.0,630.0,320.0,27,053,126000
2757.0,89625.0,100.0,82.0,1993.0,0.0,271.0,27,053,126101
6481.0,102453.0,1328.0,211.0,3275.0,0.0,424.0,27,053,126102
3000.0,98958.0,533.0,249.0,1595.0,0.0,206.0,27,053,126201
3992.0,119954.0,198.0,499.0,2623.0,0.0,141.0,27,053,126202
3056.0,35938.0,1708.0,36.0,1089.0,130.0,72.0,27,053,126300
0.0,-666666666.0,0.0,0.0,0.0,0.0,0.0,27,053,980000
283.0,21019.0,61.0,5.0,274.0,0.0,51.0,27,053,980100
2797.0,76728.0,14.0,0.0,1009.0,136.0,75.0,27,003,050107
5755.0,94207.0,218.0,276.0,1901.0,143.0,32.0,27,003,050108
5653.0,105767.0,49.0,315.0,2023.0,30.0,59.0,27,003,050109
2621.0,111283.0,30.0,15.0,925.0,0.0,32.0,27,003,050110
3544.0,92083.0,58.0,48.0,1441.0,0.0,0.0,27,003,050111
3099.0,110777.0,1.0,0.0,1084.0,0.0,9.0,27,003,050114
5771.0,115446.0,120.0,59.0,2017.0,10.0,24.0,27,003,050115
4521.0,135433.0,66.0,98.0,1405.0,30.0,18.0,27,003,050116
3306.0,96471.0,677.0,47.0,1134.0,125.0,0.0,27,003,050208
4169.0,103977.0,43.0,54.0,1603.0,47.0,0.0,27,003,050210
4357.0,118488.0,17.0,155.0,1526.0,0.0,35.0,27,003,050215
5953.0,136964.0,1.0,36.0,2001.0,33.0,17.0,27,003,050216
3493.0,136333.0,1.0,51.0,1082.0,21.0,9.0,27,003,050217
3041.0,100977.0,0.0,0.0,1139.0,17.0,0.0,27,003,050218
2650.0,108804.0,1.0,100.0,982.0,17.0,12.0,27,003,050219
7050.0,111750.0,395.0,415.0,2363.0,0.0,45.0,27,003,050220
5586.0,130161.0,133.0,31.0,1784.0,82.0,0.0,27,003,050222
2802.0,114250.0,77.0,17.0,941.0,0.0,12.0,27,003,050223
4247.0,112500.0,75.0,182.0,1440.0,9.0,0.0,27,003,050224
3220.0,99934.0,527.0,18.0,1226.0,107.0,18.0,27,003,050226
4663.0,99079.0,348.0,183.0,1646.0,0.0,27.0,27,003,050227
6040.0,80221.0,372.0,136.0,2494.0,10.0,67.0,27,003,050228
5603.0,96493.0,360.0,139.0,1644.0,0.0,7.0,27,003,050229
2690.0,160057.0,19.0,71.0,877.0,0.0,0.0,27,003,050230
3899.0,111607.0,0.0,44.0,1392.0,28.0,0.0,27,003,050232
3547.0,114226.0,17.0,113.0,1135.0,0.0,43.0,27,003,050233
3243.0,112083.0,113.0,59.0,1150.0,0.0,8.0,27,003,050234
2836.0,58547.0,59.0,121.0,1207.0,39.0,0.0,27,003,050235
3864.0,151025.0,77.0,80.0,1331.0,0.0,0.0,27,003,050236
5476.0,90028.0,301.0,114.0,2255.0,155.0,10.0,27,003,050237
4522.0,139808.0,29.0,88.0,1412.0,0.0,0.0,27,003,050238
2823.0,155282.0,0.0,93.0,863.0,0.0,0.0,27,003,050239
4081.0,116639.0,271.0,24.0,1278.0,32.0,0.0,27,003,050240
2356.0,130776.0,0.0,31.0,864.0,0.0,10.0,27,003,050241
3301.0,85208.0,181.0,278.0,1097.0,26.0,16.0,27,003,050401
3324.0,65179.0,261.0,99.0,1449.0,74.0,102.0,27,003,050402
3237.0,58709.0,211.0,39.0,1608.0,58.0,15.0,27,003,050501
2257.0,49583.0,314.0,81.0,1052.0,70.0,0.0,27,003,050504
5630.0,78561.0,741.0,536.0,1920.0,172.0,27.0,27,003,050505
2429.0,82928.0,128.0,31.0,893.0,15.0,8.0,27,003,050602
5713.0,61094.0,566.0,133.0,2288.0,244.0,81.0,27,003,050605
1920.0,53056.0,104.0,130.0,864.0,88.0,54.0,27,003,050606
4447.0,60719.0,413.0,263.0,1895.0,50.0,98.0,27,003,050607
5078.0,64286.0,590.0,170.0,2016.0,109.0,72.0,27,003,050608
3613.0,82321.0,429.0,42.0,1428.0,0.0,21.0,27,003,050609
3637.0,79010.0,249.0,28.0,1522.0,85.0,41.0,27,003,050611
2991.0,103214.0,599.0,0.0,962.0,0.0,199.0,27,003,050612
3605.0,86121.0,421.0,182.0,1344.0,30.0,15.0,27,003,050702
4935.0,85229.0,449.0,600.0,1951.0,143.0,14.0,27,003,050704
3451.0,60313.0,882.0,58.0,1267.0,165.0,63.0,27,003,050706
5792.0,110208.0,566.0,54.0,2148.0,0.0,0.0,27,003,050707
2382.0,83988.0,225.0,222.0,968.0,29.0,0.0,27,003,050709
3755.0,77830.0,672.0,184.0,1434.0,0.0,33.0,27,003,050710
4984.0,103125.0,241.0,27.0,1634.0,95.0,0.0,27,003,050711
4537.0,70650.0,684.0,279.0,1779.0,25.0,41.0,27,003,050712
4486.0,72546.0,237.0,285.0,1575.0,186.0,17.0,27,003,050807
2071.0,65815.0,85.0,93.0,897.0,15.0,23.0,27,003,050808
5223.0,55625.0,363.0,678.0,2069.0,53.0,55.0,27,003,050810
2740.0,74271.0,294.0,60.0,1137.0,182.0,9.0,27,003,050811
6401.0,101711.0,351.0,160.0,2070.0,148.0,25.0,27,003,050816
6786.0,109964.0,324.0,112.0,2505.0,79.0,29.0,27,003,050818
4863.0,134167.0,284.0,162.0,1666.0,0.0,0.0,27,003,050819
3366.0,109788.0,476.0,183.0,1229.0,14.0,0.0,27,003,050820
5174.0,112857.0,463.0,237.0,1992.0,0.0,54.0,27,003,050821
3106.0,77674.0,189.0,556.0,992.0,64.0,35.0,27,003,050822
3464.0,95708.0,585.0,58.0,1212.0,69.0,0.0,27,003,050823
4545.0,94030.0,1169.0,281.0,1422.0,109.0,60.0,27,003,050824
3196.0,101918.0,261.0,0.0,975.0,8.0,114.0,27,003,050825
3973.0,67402.0,726.0,103.0,1573.0,0.0,0.0,27,003,050826
3213.0,94180.0,419.0,59.0,911.0,0.0,0.0,27,003,050827
2881.0,60966.0,5.0,357.0,1233.0,0.0,36.0,27,003,050828
3511.0,109601.0,233.0,204.0,1110.0,0.0,39.0,27,003,050829
2071.0,69318.0,86.0,68.0,840.0,52.0,94.0,27,003,050901
5001.0,88504.0,114.0,136.0,1933.0,22.0,16.0,27,003,050902
3160.0,64625.0,143.0,367.0,1289.0,178.0,9.0,27,003,051001
3729.0,82661.0,461.0,182.0,1454.0,110.0,43.0,27,003,051002
4628.0,76858.0,981.0,339.0,1894.0,124.0,80.0,27,003,051101
4340.0,68558.0,182.0,965.0,1657.0,174.0,59.0,27,003,051102
4062.0,76875.0,1051.0,610.0,1217.0,186.0,90.0,27,003,051103
4077.0,59112.0,1444.0,118.0,1735.0,74.0,119.0,27,003,051201
4163.0,56346.0,902.0,1037.0,1488.0,479.0,12.0,27,003,051202
5681.0,71847.0,1102.0,117.0,2427.0,268.0,38.0,27,003,051203
2471.0,69151.0,328.0,604.0,1000.0,26.0,75.0,27,003,051206
4512.0,71400.0,760.0,555.0,1660.0,227.0,35.0,27,003,051302
2535.0,70385.0,458.0,400.0,978.0,95.0,41.0,27,003,051304
3818.0,62965.0,782.0,976.0,1304.0,119.0,71.0,27,003,051305
5551.0,63881.0,1938.0,530.0,2284.0,84.0,73.0,27,003,051400
2773.0,54626.0,704.0,282.0,1338.0,166.0,113.0,27,003,051501
3588.0,82216.0,816.0,250.0,1464.0,0.0,17.0,27,003,051502
5318.0,93684.0,83.0,36.0,1936.0,143.0,26.0,27,003,051600
4939.0,90257.0,330.0,144.0,1913.0,8.0,180.0,27,123,030100
5591.0,89676.0,361.0,397.0,2487.0,185.0,174.0,27,123,030201
1959.0,62708.0,201.0,193.0,1111.0,19.0,28.0,27,123,030202
7168.0,105033.0,508.0,331.0,2531.0,107.0,0.0,27,123,030300
6540.0,43146.0,2059.0,919.0,2438.0,991.0,352.0,27,123,030400
6312.0,43564.0,1702.0,283.0,1924.0,802.0,365.0,27,123,030500
6395.0,38571.0,632.0,813.0,1752.0,1347.0,184.0,27,123,030601
4270.0,67056.0,428.0,520.0,1410.0,260.0,0.0,27,123,030602
6045.0,88291.0,598.0,1022.0,1723.0,26.0,85.0,27,123,030702
4677.0,67639.0,372.0,272.0,1511.0,327.0,151.0,27,123,030703
4406.0,55329.0,1208.0,446.0,1447.0,339.0,74.0,27,123,030704
5382.0,55257.0,1179.0,467.0,1833.0,600.0,138.0,27,123,030800
4420.0,80192.0,923.0,608.0,1234.0,250.0,47.0,27,123,030900
4174.0,55756.0,622.0,427.0,1340.0,411.0,116.0,27,123,031000
4091.0,63125.0,620.0,135.0,1263.0,110.0,16.0,27,123,031100
3388.0,63841.0,850.0,299.0,1475.0,12.0,107.0,27,123,031200
2775.0,45625.0,812.0,224.0,884.0,316.0,46.0,27,123,031300
3188.0,49336.0,983.0,311.0,957.0,345.0,147.0,27,123,031400
3274.0,43088.0,822.0,300.0,962.0,490.0,93.0,27,123,031500
4500.0,50247.0,1041.0,719.0,1331.0,561.0,56.0,27,123,031600
3099.0,59355.0,734.0,364.0,838.0,292.0,106.0,27,123,031701
6963.0,38447.0,2646.0,596.0,2215.0,1186.0,388.0,27,123,031702
5792.0,58796.0,1060.0,692.0,1884.0,530.0,194.0,27,123,031801
4144.0,62853.0,765.0,692.0,1424.0,76.0,18.0,27,123,031802
2276.0,59400.0,416.0,59.0,1124.0,21.0,123.0,27,123,031900
2845.0,72148.0,285.0,90.0,1270.0,31.0,39.0,27,123,032000
3010.0,42582.0,407.0,310.0,1199.0,83.0,213.0,27,123,032100
2458.0,83897.0,191.0,166.0,1007.0,40.0,34.0,27,123,032200
3969.0,76316.0,864.0,446.0,1486.0,219.0,36.0,27,123,032300
3279.0,52014.0,1010.0,195.0,1072.0,53.0,208.0,27,123,032400
4117.0,49911.0,1373.0,191.0,1571.0,454.0,206.0,27,123,032500
2894.0,53512.0,645.0,397.0,879.0,219.0,201.0,27,123,032600
3053.0,39050.0,796.0,708.0,794.0,342.0,270.0,27,123,032700
2094.0,56477.0,715.0,251.0,585.0,164.0,46.0,27,123,033000
1716.0,38864.0,274.0,255.0,674.0,101.0,36.0,27,123,033100
3027.0,65298.0,286.0,223.0,1663.0,41.0,79.0,27,123,033200
3111.0,62339.0,196.0,64.0,1220.0,34.0,109.0,27,123,033300
3201.0,48776.0,739.0,232.0,1273.0,144.0,171.0,27,123,033400
3218.0,53329.0,1871.0,59.0,1239.0,181.0,336.0,27,123,033500
2135.0,37169.0,1818.0,14.0,777.0,413.0,249.0,27,123,033600
1442.0,18854.0,889.0,51.0,652.0,244.0,44.0,27,123,033700
1868.0,66029.0,673.0,134.0,692.0,109.0,27.0,27,123,033800
1475.0,68000.0,786.0,11.0,596.0,79.0,30.0,27,123,033900
1769.0,58750.0,311.0,33.0,1023.0,17.0,35.0,27,123,034000
3520.0,67367.0,404.0,128.0,2139.0,81.0,305.0,27,123,034201
2420.0,66319.0,198.0,87.0,1718.0,85.0,299.0,27,123,034203
2470.0,56136.0,318.0,183.0,1582.0,0.0,156.0,27,123,034204
2060.0,70521.0,295.0,276.0,727.0,197.0,6.0,27,123,034400
3575.0,56641.0,706.0,508.0,1202.0,599.0,87.0,27,123,034500
6113.0,49159.0,1268.0,238.0,1929.0,410.0,182.0,27,123,034601
4630.0,64524.0,1008.0,1069.0,1404.0,90.0,129.0,27,123,034602
4281.0,45726.0,1285.0,450.0,1748.0,79.0,142.0,27,123,034701
4815.0,60900.0,1050.0,664.0,1704.0,260.0,107.0,27,123,034702
3496.0,76000.0,176.0,194.0,1012.0,0.0,82.0,27,123,034900
2559.0,88661.0,23.0,25.0,1146.0,61.0,99.0,27,123,035000
3419.0,122083.0,146.0,232.0,915.0,0.0,25.0,27,123,035100
3604.0,73269.0,171.0,184.0,1588.0,0.0,103.0,27,123,035200
3943.0,94509.0,413.0,121.0,1901.0,87.0,18.0,27,123,035300
2237.0,76136.0,124.0,108.0,1334.0,13.0,74.0,27,123,035500
2622.0,112266.0,48.0,100.0,1103.0,5.0,7.0,27,123,035700
2799.0,73281.0,109.0,241.0,1589.0,11.0,80.0,27,123,035800
962.0,30240.0,129.0,163.0,615.0,27.0,79.0,27,123,035900
2411.0,85729.0,252.0,186.0,1360.0,74.0,123.0,27,123,036000
1666.0,38333.0,643.0,296.0,532.0,217.0,0.0,27,123,036100
3587.0,97083.0,55.0,54.0,1487.0,0.0,0.0,27,123,036300
3981.0,100313.0,173.0,130.0,1706.0,40.0,39.0,27,123,036400
4351.0,93519.0,125.0,154.0,1928.0,44.0,125.0,27,123,036500
4337.0,108795.0,68.0,72.0,1771.0,0.0,32.0,27,123,036600
5438.0,72328.0,902.0,231.0,2512.0,23.0,32.0,27,123,036700
2116.0,69257.0,82.0,184.0,934.0,53.0,9.0,27,123,036800
2243.0,44828.0,146.0,153.0,1237.0,41.0,35.0,27,123,036900
2541.0,75766.0,114.0,205.0,1188.0,0.0,0.0,27,123,037000
4888.0,56691.0,851.0,1399.0,1868.0,424.0,47.0,27,123,037100
5785.0,67250.0,1464.0,2111.0,1983.0,591.0,183.0,27,123,037200
3936.0,60531.0,897.0,375.0,1745.0,109.0,53.0,27,123,037402
7794.0,55347.0,4020.0,239.0,2384.0,1544.0,252.0,27,123,037403
5269.0,108662.0,932.0,246.0,2104.0,21.0,18.0,27,123,037500
4338.0,66762.0,359.0,176.0,2130.0,0.0,65.0,27,123,037601
3554.0,39447.0,2478.0,53.0,1493.0,333.0,207.0,27,123,037603
2158.0,53298.0,404.0,192.0,1352.0,53.0,19.0,27,123,037604
2738.0,104620.0,77.0,68.0,974.0,0.0,0.0,27,123,040101
4541.0,138281.0,63.0,92.0,1662.0,0.0,0.0,27,123,040102
1974.0,69542.0,18.0,50.0,1019.0,0.0,10.0,27,123,040200
1609.0,95602.0,6.0,74.0,695.0,0.0,7.0,27,123,040301
5326.0,66236.0,127.0,287.0,2089.0,44.0,0.0,27,123,040302
3534.0,74063.0,92.0,74.0,1507.0,50.0,10.0,27,123,040401
5479.0,85139.0,205.0,599.0,2222.0,266.0,31.0,27,123,040402
2786.0,72904.0,104.0,85.0,1135.0,0.0,0.0,27,123,040502
3578.0,87670.0,104.0,542.0,1579.0,11.0,12.0,27,123,040503
4150.0,75932.0,274.0,275.0,1901.0,30.0,8.0,27,123,040504
5637.0,208581.0,23.0,106.0,2056.0,0.0,38.0,27,123,040601
5914.0,126721.0,344.0,411.0,2246.0,0.0,0.0,27,123,040603
3762.0,98942.0,101.0,164.0,1584.0,44.0,56.0,27,123,040605
3255.0,45773.0,685.0,377.0,1558.0,145.0,0.0,27,123,040606
5303.0,79583.0,329.0,274.0,2358.0,125.0,81.0,27,123,040704
4121.0,95948.0,182.0,178.0,1820.0,35.0,0.0,27,123,040705
5606.0,134306.0,84.0,129.0,2159.0,16.0,38.0,27,123,040706
4522.0,102674.0,104.0,34.0,1931.0,58.0,0.0,27,123,040707
4197.0,93077.0,595.0,273.0,1886.0,0.0,29.0,27,123,040708
3122.0,135024.0,17.0,35.0,1277.0,0.0,0.0,27,123,040709
3343.0,87716.0,76.0,577.0,1213.0,154.0,11.0,27,123,040801
1990.0,125990.0,60.0,22.0,677.0,0.0,0.0,27,123,040804
4535.0,123589.0,157.0,123.0,947.0,24.0,0.0,27,123,040805
2165.0,64191.0,133.0,78.0,899.0,80.0,13.0,27,123,040901
4261.0,75313.0,870.0,441.0,1669.0,315.0,118.0,27,123,040902
3399.0,86563.0,76.0,73.0,1333.0,108.0,13.0,27,123,041001
3393.0,67344.0,902.0,166.0,1315.0,8.0,13.0,27,123,041002
3592.0,63821.0,826.0,28.0,1689.0,0.0,125.0,27,123,041103
3279.0,103036.0,85.0,301.0,1268.0,0.0,25.0,27,123,041104
5994.0,104583.0,315.0,137.0,2326.0,89.0,34.0,27,123,041105
3579.0,105638.0,375.0,248.0,1285.0,21.0,12.0,27,123,041106
6231.0,56836.0,1617.0,355.0,2571.0,467.0,42.0,27,123,041107
4210.0,53301.0,934.0,643.0,1848.0,115.0,86.0,27,123,041200
3745.0,89809.0,439.0,65.0,1653.0,0.0,77.0,27,123,041301
4663.0,70707.0,530.0,90.0,1750.0,225.0,9.0,27,123,041302
5413.0,75075.0,656.0,236.0,2484.0,114.0,17.0,27,123,041400
5301.0,94347.0,366.0,155.0,2279.0,0.0,16.0,27,123,041500
6195.0,83235.0,655.0,414.0,2766.0,139.0,98.0,27,123,041601
3705.0,77931.0,585.0,114.0,1600.0,107.0,96.0,27,123,041602
3134.0,85000.0,98.0,152.0,1444.0,11.0,26.0,27,123,041700
3963.0,85833.0,360.0,378.0,1570.0,0.0,46.0,27,123,041800
3595.0,100357.0,361.0,113.0,1392.0,22.0,85.0,27,123,041900
1793.0,52600.0,61.0,38.0,706.0,26.0,91.0,27,123,042001
2479.0,68313.0,377.0,95.0,1223.0,16.0,52.0,27,123,042002
5052.0,49679.0,461.0,554.0,2897.0,119.0,139.0,27,123,042101
5652.0,89182.0,758.0,227.0,1952.0,44.0,37.0,27,123,042102
1736.0,73815.0,290.0,143.0,587.0,96.0,0.0,27,123,042201
5598.0,78276.0,673.0,415.0,1982.0,294.0,0.0,27,123,042202
2885.0,113529.0,167.0,57.0,1066.0,0.0,0.0,27,123,042301
5263.0,73947.0,300.0,639.0,1812.0,84.0,97.0,27,123,042302
6328.0,68734.0,705.0,769.0,2322.0,100.0,69.0,27,123,042401
6155.0,67068.0,641.0,184.0,2232.0,180.0,0.0,27,123,042402
5993.0,71667.0,404.0,1359.0,2368.0,407.0,326.0,27,123,042501
2993.0,108281.0,525.0,271.0,1044.0,79.0,16.0,27,123,042503
4465.0,90801.0,1030.0,410.0,1815.0,47.0,24.0,27,123,042504
4690.0,69239.0,1017.0,414.0,1644.0,316.0,35.0,27,123,042601
2181.0,66563.0,58.0,17.0,886.0,0.0,34.0,27,123,042602
5524.0,74982.0,871.0,296.0,2063.0,70.0,140.0,27,123,042700
2843.0,34896.0,1601.0,165.0,904.0,470.0,84.0,27,123,042800
4253.0,92986.0,362.0,123.0,1821.0,34.0,21.0,27,123,042900
4398.0,99444.0,131.0,195.0,2156.0,52.0,45.0,27,123,043001
1890.0,104028.0,71.0,35.0,871.0,0.0,57.0,27,123,043002
0.0,-666666666.0,0.0,0.0,0.0,0.0,0.0,27,123,980000
5287.0,65758.0,454.0,178.0,2468.0,82.0,34.0,27,163,070103
3320.0,69697.0,218.0,273.0,1280.0,20.0,10.0,27,163,070104
4412.0,141701.0,203.0,46.0,1623.0,15.0,22.0,27,163,070105
3807.0,83953.0,197.0,253.0,1315.0,23.0,17.0,27,163,070107
3540.0,121000.0,34.0,195.0,1350.0,0.0,0.0,27,163,070108
6130.0,118083.0,67.0,303.0,2429.0,0.0,91.0,27,163,070204
3971.0,91106.0,0.0,50.0,1409.0,0.0,0.0,27,163,070205
3362.0,126410.0,10.0,34.0,1330.0,54.0,24.0,27,163,070206
5010.0,85491.0,171.0,168.0,2073.0,18.0,47.0,27,163,070207
4401.0,105515.0,185.0,58.0,1439.0,0.0,0.0,27,163,070208
1890.0,198634.0,55.0,55.0,621.0,15.0,0.0,27,163,070301
4832.0,121053.0,345.0,112.0,1876.0,0.0,0.0,27,163,070303
5027.0,114583.0,16.0,58.0,1833.0,50.0,33.0,27,163,070304
3819.0,123707.0,27.0,45.0,1300.0,62.0,188.0,27,163,070403
3766.0,154375.0,2.0,114.0,1332.0,4.0,11.0,27,163,070404
5069.0,196849.0,75.0,112.0,1673.0,0.0,0.0,27,163,070405
6171.0,132557.0,526.0,652.0,2225.0,135.0,69.0,27,163,070406
3085.0,149038.0,16.0,184.0,1140.0,84.0,12.0,27,163,070501
4737.0,94387.0,111.0,366.0,1969.0,30.0,85.0,27,163,070502
2789.0,94348.0,1.0,250.0,1177.0,18.0,0.0,27,163,070602
2434.0,62674.0,331.0,0.0,1120.0,0.0,17.0,27,163,070603
4078.0,93750.0,150.0,357.0,1441.0,65.0,0.0,27,163,070604
3359.0,83170.0,96.0,112.0,1517.0,14.0,23.0,27,163,070703
2370.0,92292.0,28.0,78.0,1014.0,39.0,31.0,27,163,070704
3985.0,162962.0,190.0,12.0,1329.0,37.0,14.0,27,163,070705
3069.0,105833.0,0.0,61.0,1302.0,0.0,2.0,27,163,070706
1431.0,-666666666.0,626.0,96.0,0.0,0.0,0.0,27,163,070801
401.0,-666666666.0,156.0,8.0,0.0,0.0,0.0,27,163,070802
4856.0,86923.0,871.0,91.0,1838.0,18.0,93.0,27,163,070906
6250.0,67086.0,1379.0,309.0,2566.0,165.0,62.0,27,163,070907
5279.0,92149.0,774.0,343.0,1906.0,0.0,13.0,27,163,070909
5187.0,84338.0,324.0,362.0,2159.0,31.0,23.0,27,163,070910
4276.0,81401.0,607.0,327.0,1797.0,122.0,34.0,27,163,070911
2890.0,58281.0,759.0,87.0,1362.0,151.0,86.0,27,163,070912
5145.0,61295.0,439.0,396.0,2274.0,41.0,0.0,27,163,071001
3951.0,58455.0,413.0,444.0,1706.0,6.0,54.0,27,163,071003
4964.0,101618.0,577.0,240.0,1948.0,55.0,49.0,27,163,071006
5124.0,126259.0,189.0,163.0,2036.0,4.0,13.0,27,163,071010
3139.0,146932.0,91.0,84.0,1052.0,0.0,0.0,27,163,071011
4684.0,78690.0,253.0,258.0,2280.0,91.0,18.0,27,163,071012
5918.0,100912.0,431.0,391.0,2041.0,20.0,26.0,27,163,071013
4243.0,138375.0,77.0,165.0,1418.0,0.0,50.0,27,163,071014
4628.0,185662.0,114.0,226.0,1543.0,0.0,9.0,27,163,071016
11660.0,148133.0,508.0,192.0,3472.0,216.0,160.0,27,163,071019
4058.0,162569.0,172.0,286.0,1468.0,0.0,40.0,27,163,071020
5420.0,86739.0,567.0,307.0,2164.0,19.0,0.0,27,163,071021
2972.0,177554.0,296.0,100.0,1120.0,19.0,0.0,27,163,071022
4575.0,131819.0,101.0,65.0,1757.0,0.0,67.0,27,163,071023
2819.0,118529.0,69.0,73.0,952.0,0.0,0.0,27,163,071024
4665.0,116150.0,387.0,185.0,1695.0,253.0,40.0,27,163,071025
3562.0,89435.0,45.0,60.0,1532.0,21.0,3.0,27,163,071101
4680.0,120758.0,76.0,71.0,1828.0,30.0,5.0,27,163,071102
8682.0,111427.0,297.0,640.0,2693.0,0.0,57.0,27,163,071207
6029.0,100550.0,617.0,399.0,2007.0,20.0,34.0,27,163,071208
6125.0,122938.0,448.0,256.0,2027.0,0.0,82.0,27,163,071209
4779.0,89345.0,430.0,138.0,1842.0,80.0,30.0,27,163,071210
5340.0,132037.0,336.0,18.0,1580.0,175.0,0.0,27,163,071211
5451.0,85061.0,184.0,807.0,2183.0,0.0,7.0,27,163,071300
7915.0,101638.0,544.0,200.0,2816.0,44.0,0.0,27,163,071400
3677.0,62727.0,207.0,823.0,1496.0,101.0,5.0,27,037,060101
2955.0,86563.0,232.0,384.0,1160.0,41.0,99.0,27,037,060102
2901.0,114205.0,21.0,323.0,1097.0,0.0,20.0,27,037,060103
5474.0,52033.0,94.0,1292.0,2677.0,131.0,176.0,27,037,060104
5469.0,45082.0,974.0,1456.0,2513.0,432.0,190.0,27,037,060105
2775.0,77949.0,212.0,219.0,1128.0,4.0,0.0,27,037,060201
3469.0,77250.0,208.0,246.0,1389.0,83.0,0.0,27,037,060202
4310.0,60128.0,394.0,687.0,2022.0,136.0,0.0,27,037,060301
3584.0,83929.0,90.0,695.0,1370.0,0.0,37.0,27,037,060302
2693.0,74461.0,316.0,381.0,1013.0,65.0,27.0,27,037,060401
3615.0,70128.0,453.0,854.0,1324.0,23.0,42.0,27,037,060402
4151.0,69118.0,309.0,639.0,1728.0,98.0,54.0,27,037,060502
5296.0,66473.0,144.0,1029.0,2061.0,187.0,64.0,27,037,060503
6579.0,69398.0,865.0,972.0,2726.0,100.0,154.0,27,037,060505
4845.0,89556.0,176.0,457.0,2228.0,21.0,23.0,27,037,060506
2989.0,78468.0,215.0,97.0,1394.0,0.0,0.0,27,037,060507
5725.0,150859.0,99.0,660.0,1923.0,0.0,0.0,27,037,060508
6721.0,115344.0,231.0,590.0,2720.0,288.0,38.0,27,037,060509
4282.0,128750.0,14.0,121.0,1786.0,89.0,19.0,27,037,060603
3106.0,128785.0,144.0,82.0,1451.0,21.0,2.0,27,037,060604
2624.0,79583.0,858.0,109.0,929.0,17.0,0.0,27,037,060605
2606.0,108194.0,46.0,48.0,1129.0,0.0,0.0,27,037,060606
6316.0,102639.0,1028.0,1012.0,2107.0,152.0,33.0,27,037,060709
4614.0,60462.0,1345.0,299.0,1623.0,116.0,87.0,27,037,060710
4427.0,54688.0,1251.0,444.0,2025.0,27.0,344.0,27,037,060711
2959.0,99979.0,272.0,148.0,1141.0,0.0,0.0,27,037,060713
4806.0,81219.0,753.0,388.0,1887.0,238.0,0.0,27,037,060714
4128.0,114286.0,483.0,213.0,1574.0,16.0,20.0,27,037,060716
2334.0,104489.0,412.0,33.0,807.0,49.0,58.0,27,037,060717
2682.0,78750.0,612.0,212.0,1253.0,37.0,28.0,27,037,060721
3969.0,64004.0,1178.0,103.0,1927.0,21.0,43.0,27,037,060725
2827.0,58654.0,538.0,197.0,1300.0,62.0,31.0,27,037,060726
3877.0,83750.0,576.0,508.0,1692.0,39.0,4.0,27,037,060727
5419.0,108066.0,223.0,6.0,2182.0,77.0,41.0,27,037,060728
3697.0,128218.0,111.0,87.0,1393.0,0.0,19.0,27,037,060729
5371.0,142733.0,109.0,230.0,1838.0,35.0,0.0,27,037,060731
5502.0,147117.0,104.0,130.0,1819.0,71.0,14.0,27,037,060732
4037.0,78098.0,580.0,149.0,1747.0,218.0,41.0,27,037,060733
4715.0,126036.0,431.0,286.0,1813.0,0.0,16.0,27,037,060734
4888.0,64750.0,792.0,193.0,2124.0,222.0,24.0,27,037,060735
5284.0,57476.0,1173.0,348.0,2499.0,121.0,137.0,27,037,060737
3552.0,93864.0,516.0,545.0,1348.0,157.0,0.0,27,037,060738
5999.0,86944.0,494.0,1166.0,2058.0,61.0,41.0,27,037,060739
3697.0,125345.0,164.0,155.0,1316.0,14.0,0.0,27,037,060742
1485.0,96875.0,554.0,73.0,616.0,0.0,18.0,27,037,060743
1502.0,138264.0,96.0,3.0,563.0,39.0,0.0,27,037,060744
3980.0,77181.0,875.0,344.0,1732.0,175.0,34.0,27,037,060745
3280.0,66836.0,63.0,414.0,1407.0,28.0,0.0,27,037,060746
4078.0,84474.0,590.0,483.0,1674.0,0.0,19.0,27,037,060747
3808.0,74877.0,612.0,81.0,1386.0,9.0,89.0,27,037,060748
1543.0,68702.0,125.0,121.0,787.0,0.0,51.0,27,037,060749
4393.0,64659.0,636.0,395.0,2072.0,276.0,71.0,27,037,060750
2632.0,165565.0,0.0,174.0,992.0,0.0,86.0,27,037,060751
3204.0,163187.0,70.0,106.0,1090.0,0.0,0.0,27,037,060752
2252.0,66453.0,919.0,127.0,947.0,95.0,146.0,27,037,060753
4874.0,80313.0,1345.0,457.0,1922.0,15.0,168.0,27,037,060754
3443.0,62450.0,895.0,472.0,1105.0,51.0,44.0,27,037,060805
6331.0,122021.0,805.0,788.0,2083.0,154.0,0.0,27,037,060806
5024.0,75321.0,569.0,318.0,2102.0,7.0,29.0,27,037,060811
6760.0,88953.0,1910.0,1221.0,2307.0,112.0,180.0,27,037,060812
4978.0,117284.0,160.0,370.0,1837.0,45.0,0.0,27,037,060813
5792.0,110583.0,416.0,198.0,1957.0,18.0,8.0,27,037,060814
5517.0,107384.0,295.0,317.0,1988.0,106.0,0.0,27,037,060815
7329.0,167431.0,202.0,255.0,2203.0,34.0,3.0,27,037,060816
6737.0,123917.0,730.0,439.0,2227.0,0.0,0.0,27,037,060819
1875.0,120238.0,50.0,135.0,626.0,23.0,50.0,27,037,060822
4518.0,123810.0,302.0,43.0,1608.0,122.0,32.0,27,037,060823
3716.0,89036.0,402.0,37.0,1443.0,0.0,43.0,27,037,060824
5051.0,68120.0,1397.0,132.0,2245.0,29.0,103.0,27,037,060828
3437.0,74323.0,714.0,232.0,1625.0,118.0,62.0,27,037,060829
3031.0,93078.0,0.0,56.0,1293.0,0.0,49.0,27,037,060830
7432.0,140859.0,613.0,246.0,2256.0,186.0,40.0,27,037,060831
6137.0,108827.0,212.0,479.0,1868.0,0.0,24.0,27,037,060832
3723.0,104634.0,40.0,0.0,1389.0,0.0,0.0,27,037,060833
2774.0,156280.0,350.0,30.0,972.0,0.0,0.0,27,037,060834
5625.0,126897.0,219.0,216.0,1809.0,40.0,203.0,27,037,060835
4984.0,83091.0,630.0,415.0,1954.0,146.0,61.0,27,037,060836
4967.0,123929.0,234.0,459.0,1604.0,156.0,125.0,27,037,060837
3892.0,82755.0,113.0,97.0,1809.0,154.0,0.0,27,037,060838
4241.0,130500.0,80.0,226.0,1608.0,0.0,0.0,27,037,060839
3655.0,141371.0,152.0,0.0,1312.0,0.0,62.0,27,037,060840
3294.0,96161.0,92.0,188.0,1255.0,0.0,0.0,27,037,060841
4487.0,116631.0,139.0,34.0,1635.0,26.0,0.0,27,037,060902
3048.0,61472.0,18.0,111.0,1489.0,0.0,15.0,27,037,060904
5572.0,90184.0,408.0,284.0,1881.0,129.0,0.0,27,037,060905
3784.0,125521.0,225.0,219.0,1182.0,9.0,0.0,27,037,060906
8390.0,125347.0,137.0,782.0,2423.0,87.0,48.0,27,037,060907
4301.0,115976.0,15.0,140.0,1508.0,31.0,22.0,27,037,061001
2406.0,151250.0,22.0,90.0,790.0,0.0,3.0,27,037,061003
2407.0,79345.0,298.0,69.0,869.0,0.0,5.0,27,037,061005
5385.0,108563.0,276.0,223.0,1853.0,0.0,0.0,27,037,061007
2130.0,66281.0,165.0,98.0,931.0,0.0,7.0,27,037,061008
6928.0,141462.0,400.0,255.0,2364.0,29.0,42.0,27,037,061009
3668.0,190956.0,99.0,141.0,1211.0,0.0,0.0,27,037,061010
2589.0,102936.0,159.0,0.0,1003.0,0.0,0.0,27,037,061011
4300.0,77300.0,164.0,78.0,1736.0,43.0,16.0,27,037,061102
2381.0,80625.0,31.0,152.0,957.0,5.0,6.0,27,037,061105
2653.0,68879.0,47.0,123.0,1276.0,0.0,9.0,27,037,061106
3584.0,78807.0,14.0,307.0,1243.0,0.0,4.0,27,037,061109
3415.0,93295.0,216.0,39.0,1377.0,0.0,0.0,27,037,061110
2956.0,88598.0,25.0,38.0,1149.0,92.0,0.0,27,037,061111
3234.0,88355.0,0.0,151.0,1233.0,0.0,4.0,27,037,061112
3064.0,123333.0,26.0,32.0,1044.0,22.0,42.0,27,037,061401
3784.0,98264.0,28.0,71.0,1419.0,32.0,8.0,27,037,061402
2447.0,97917.0,19.0,100.0,835.0,9.0,55.0,27,037,061501
2710.0,105909.0,58.0,37.0,972.0,17.0,3.0,27,037,061502
2331.0,70000.0,371.0,266.0,996.0,76.0,56.0,27,139,080100
2777.0,124286.0,126.0,133.0,1064.0,6.0,17.0,27,139,080201
6513.0,132379.0,442.0,450.0,2057.0,0.0,27.0,27,139,080202
3507.0,92988.0,141.0,45.0,1491.0,10.0,0.0,27,139,080204
4655.0,116523.0,386.0,245.0,1668.0,0.0,0.0,27,139,080206
4689.0,173361.0,27.0,60.0,1489.0,21.0,18.0,27,139,080207
3287.0,87643.0,1381.0,18.0,1028.0,662.0,0.0,27,139,080208
4333.0,114609.0,76.0,313.0,1608.0,59.0,0.0,27,139,080209
5561.0,67255.0,1199.0,941.0,2252.0,252.0,15.0,27,139,080303
7525.0,114633.0,1063.0,389.0,2277.0,166.0,0.0,27,139,080304
6344.0,112474.0,84.0,204.0,2202.0,314.0,364.0,27,139,080305
2971.0,161506.0,140.0,86.0,805.0,0.0,0.0,27,139,080306
6983.0,104033.0,1295.0,319.0,2467.0,0.0,0.0,27,139,080307
4576.0,52143.0,602.0,728.0,1766.0,153.0,108.0,27,139,080400
2881.0,59009.0,144.0,281.0,923.0,11.0,16.0,27,139,080500
4720.0,90924.0,548.0,395.0,1859.0,58.0,30.0,27,139,080600
3851.0,103500.0,72.0,873.0,1194.0,110.0,6.0,27,139,080700
6537.0,102083.0,144.0,729.0,2088.0,469.0,0.0,27,139,080801
2036.0,110313.0,46.0,64.0,711.0,6.0,9.0,27,139,080802
8701.0,144236.0,361.0,312.0,3193.0,19.0,15.0,27,139,080903
6102.0,121853.0,67.0,173.0,2078.0,0.0,0.0,27,139,080905
5321.0,106574.0,67.0,308.0,1942.0,0.0,0.0,27,139,080906
3465.0,90255.0,36.0,17.0,1359.0,29.0,0.0,27,139,080907
4298.0,72029.0,55.0,192.0,1713.0,44.0,96.0,27,139,080908
5008.0,135930.0,0.0,0.0,1670.0,0.0,37.0,27,139,081001
3516.0,156731.0,0.0,0.0,1180.0,0.0,14.0,27,139,081002
3035.0,155652.0,18.0,11.0,1036.0,24.0,0.0,27,139,081101
2127.0,142846.0,13.0,2.0,699.0,8.0,11.0,27,139,081102
6180.0,133348.0,331.0,97.0,1977.0,42.0,0.0,27,139,081103
6609.0,96899.0,185.0,284.0,2223.0,4.0,7.0,27,139,081200
3021.0,75208.0,57.0,25.0,1207.0,0.0,107.0,27,139,081301
6108.0,98103.0,197.0,198.0,2088.0,28.0,46.0,27,139,081302
2926.0,123618.0,7.0,0.0,1043.0,91.0,69.0,27,019,090101
3258.0,83638.0,10.0,215.0,1127.0,90.0,12.0,27,019,090102
4480.0,97333.0,37.0,147.0,1616.0,59.0,22.0,27,019,090200
5672.0,113603.0,24.0,272.0,1971.0,22.0,41.0,27,019,090302
4247.0,71721.0,284.0,131.0,1698.0,0.0,0.0,27,019,090303
3327.0,150761.0,101.0,4.0,1214.0,25.0,24.0,27,019,090304
7540.0,167005.0,119.0,189.0,2318.0,28.0,6.0,27,019,090401
6378.0,142466.0,328.0,110.0,2192.0,6.0,0.0,27,019,090402
2639.0,159375.0,9.0,25.0,912.0,0.0,0.0,27,019,090501
3102.0,178988.0,309.0,58.0,1045.0,0.0,0.0,27,019,090502
2496.0,168000.0,80.0,27.0,884.0,4.0,13.0,27,019,090503
4240.0,89221.0,73.0,206.0,1818.0,192.0,0.0,27,019,090601
3158.0,146731.0,35.0,45.0,1074.0,18.0,0.0,27,019,090602
3634.0,144167.0,84.0,171.0,1172.0,0.0,0.0,27,019,090702
4476.0,107656.0,200.0,46.0,1654.0,0.0,0.0,27,019,090703
1901.0,94684.0,0.0,151.0,847.0,0.0,0.0,27,019,090704
7011.0,89262.0,291.0,439.0,2976.0,76.0,214.0,27,019,090801
2251.0,203494.0,56.0,31.0,673.0,0.0,0.0,27,019,090802
3012.0,133233.0,40.0,165.0,1113.0,21.0,0.0,27,019,090901
2450.0,88333.0,0.0,90.0,874.0,0.0,8.0,27,019,090902
5360.0,61787.0,177.0,1398.0,2245.0,134.0,176.0,27,019,091001
6340.0,126250.0,194.0,83.0,2150.0,0.0,34.0,27,019,091002
7489.0,114819.0,169.0,191.0,2548.0,45.0,56.0,27,019,091100
5055.0,74775.0,253.0,283.0,1812.0,39.0,8.0,27,019,091201
3252.0,101902.0,181.0,120.0,1237.0,39.0,26.0,27,019,091202
